bcw_id,Genus,NIF.Group,nifH,nifD,nifK,nifE,nifN,nifB,acdS,ipdC/ppdC,pqqB,pqqC,pqqD,pqqE,pqqF,pqq-DH
BCW-200003,Lelliottia,DSN,0,0,0,0,0,0,1,6,0,0,0,0,0,2
BCW-200009,Enterobacter,DSN,0,0,0,0,0,0,1,7,0,0,0,0,0,2
BCW-200012,Enterobacter,DSN,0,0,0,0,0,0,1,7,0,0,0,0,0,2
BCW-200013,Enterobacter,DSN,0,0,0,0,0,0,1,7,0,0,0,0,0,2
BCW-200015,Enterobacter,DSN,0,0,0,0,0,0,1,7,0,0,0,0,0,2
BCW-200018,Enterobacter,DSN,0,0,0,0,0,0,1,7,0,0,0,0,0,2
BCW-200023,Enterobacter,DSN,0,0,0,0,0,0,1,7,0,0,0,0,0,2
BCW-200025,Enterobacter,DSN,0,0,0,0,0,0,1,7,0,0,0,0,0,2
BCW-200027,Enterobacter,DSN,0,0,0,0,0,0,1,7,0,0,0,0,0,2
BCW-200029,Enterobacter,DSN,0,0,0,0,0,0,1,7,0,0,0,0,0,2
BCW-200031,Citrobacter,DSN,0,0,0,0,0,0,1,6,0,0,0,0,0,1
BCW-200033,Lelliottia,DSN,0,0,0,0,0,0,1,6,0,0,0,0,0,2
BCW-200036,Citrobacter,DSN,0,0,0,0,0,0,1,5,0,0,0,0,0,1
BCW-200040,Lelliottia,DSN,0,0,0,0,0,0,1,6,0,0,0,0,0,2
BCW-200041,Enterobacter,DSN,0,0,0,0,0,0,1,7,0,0,0,0,0,2
BCW-200043,Enterobacter,DSN,0,0,0,0,0,0,1,8,0,0,0,0,0,2
BCW-200047,Enterobacter,DSN,0,0,0,0,0,0,1,7,0,0,0,0,0,2
BCW-200051,Lactococcus,DSN,0,0,0,0,0,0,0,4,0,0,0,0,0,0
BCW-200054,Enterobacter,DSN,0,0,0,0,0,0,1,7,0,0,0,0,0,2
BCW-200055,Enterobacter,DSN,0,0,0,0,0,0,1,7,0,0,0,0,0,2
BCW-200057,Microbacterium,DSN,0,0,0,0,0,0,1,3,0,0,0,0,0,0
BCW-200060,Metakosakonia,DSN,0,0,0,0,0,0,2,4,0,0,0,1,0,2
BCW-200061,Serratia,DSN,0,0,0,0,0,0,1,9,0,0,0,1,0,1
BCW-200063,unassigned,DSN,0,0,0,0,0,0,1,1,0,0,1,0,0,0
BCW-200064,Enterobacter,DSN,0,0,0,0,0,0,1,7,0,0,0,0,0,2
BCW-200066,Atlantibacter,DSN,0,0,0,0,0,0,1,5,0,0,0,0,0,2
BCW-200067,Microbacterium,DSN,0,0,0,0,0,0,1,2,0,0,0,0,0,0
BCW-200071,Lelliottia,DSN,0,0,0,0,0,0,1,6,0,0,0,0,0,1
BCW-200077,Lactococcus,DSN,0,0,0,0,0,0,0,4,0,0,0,1,0,0
BCW-200079,unassigned,DSN,0,0,0,0,0,0,0,4,0,0,0,1,0,0
BCW-200082,Enterobacter,DSN,0,0,0,0,0,0,1,8,0,0,0,0,0,2
BCW-200092,Enterobacter,DSN,0,0,0,0,0,0,1,7,0,0,0,0,0,2
BCW-200094,unassigned,DSN,0,0,0,0,0,0,2,8,0,0,0,0,0,2
BCW-200097,Acinetobacter,DSN,0,0,0,0,0,0,1,3,1,1,1,1,0,2
BCW-200104,Enterobacter,DSN,0,0,0,0,0,0,1,8,0,0,0,0,0,2
BCW-200107,Enterobacter,DSN,0,0,0,0,0,0,2,7,0,0,0,0,0,2
BCW-200111,Citrobacter,DSN,0,0,0,0,0,0,2,5,0,0,0,0,0,1
BCW-200114,Serratia,DSN,0,0,0,0,0,0,1,9,0,0,0,0,0,3
BCW-200115,Morganella,DSN,0,0,0,0,0,0,1,6,0,0,0,0,0,0
BCW-200121,Lactococcus,DSN,0,0,0,0,0,0,0,4,0,0,0,1,0,0
BCW-200128,Lactococcus,DSN,0,0,0,0,0,0,0,4,0,0,0,1,0,0
BCW-200138,Lactococcus,DSN,0,0,0,0,0,0,0,4,0,0,0,1,0,0
BCW-200143,Rahnella,DSN,0,0,0,0,0,0,2,5,0,0,0,0,0,2
BCW-200144,Rahnella,DSN,0,0,0,0,0,0,2,5,0,0,0,0,0,2
BCW-200145,Rahnella,DSN,0,0,0,0,0,0,1,5,1,1,1,1,1,2
BCW-200146,Rahnella,DSN,0,0,0,0,0,0,2,5,0,0,0,0,0,2
BCW-200149,Rahnella,DSN,0,0,0,0,0,0,2,5,0,0,0,0,0,2
BCW-200150,Lactococcus,DSN,0,0,0,0,0,0,0,4,0,0,0,1,0,0
BCW-200151,Rahnella,DSN,0,0,0,0,0,0,1,5,1,1,1,1,1,2
BCW-200152,Rahnella,DSN,0,0,0,0,0,0,2,5,0,0,0,0,0,2
BCW-200155,Rahnella,DSN,0,0,0,0,0,0,1,5,1,1,1,1,1,2
BCW-200157,Rahnella,DSN,0,0,0,0,0,0,1,5,1,1,1,1,1,2
BCW-200158,Lactococcus,DSN,0,0,0,0,0,0,0,4,0,0,0,1,0,0
BCW-200159,Lactococcus,DSN,0,0,0,0,0,0,0,4,0,0,0,1,0,0
BCW-200160,Lactococcus,DSN,0,0,0,0,0,0,0,4,0,0,0,1,0,0
BCW-200163,Lactococcus,DSN,0,0,0,0,0,0,0,4,0,0,0,1,0,0
BCW-200174,Lactococcus,DSN,0,0,0,0,0,0,0,4,0,0,0,1,0,0
BCW-200175,Lactococcus,DSN,0,0,0,0,0,0,0,4,0,0,0,1,0,0
BCW-200180,Lactococcus,DSN,0,0,0,0,0,0,0,4,0,0,0,1,0,0
BCW-200188,Lactococcus,DSN,0,0,0,0,0,0,0,4,0,0,0,1,0,0
BCW-200192,Lactococcus,DSN,0,0,0,0,0,0,0,4,0,0,0,1,0,0
BCW-200196,Lactococcus,DSN,0,0,0,0,0,0,0,4,0,0,0,1,0,0
BCW-200198,Lactococcus,DSN,0,0,0,0,0,0,0,4,0,0,0,0,0,0
BCW-200208,Agrobacterium,DSN,0,0,0,0,0,0,0,3,0,0,0,0,0,2
BCW-200213,Rahnella,DSN,0,0,0,0,0,0,2,5,0,0,0,0,0,2
BCW-200215,Agrobacterium,DSN,0,0,0,0,0,0,0,3,0,0,0,0,0,2
BCW-200218,Enterobacter,DSN,0,0,0,0,0,0,1,7,0,0,0,0,0,2
BCW-200219,Enterobacter,DSN,0,0,0,0,0,0,1,7,0,0,0,0,0,2
BCW-200229,Lactococcus,DSN,0,0,0,0,0,0,0,4,0,0,0,0,0,0
BCW-200231,unassigned,DSN,0,0,0,0,0,0,1,6,0,0,0,0,0,2
BCW-200232,Lactococcus,DSN,0,0,0,0,0,0,0,4,0,0,0,1,0,0
BCW-200238,Lactococcus,DSN,0,0,0,0,0,0,0,4,0,0,0,1,0,0
BCW-200241,Lactococcus,DSN,0,0,0,0,0,0,0,4,0,0,0,0,0,0
BCW-200268,Enterobacter,DSN,0,0,0,0,0,0,2,8,0,0,0,0,0,2
BCW-200269,Lelliottia,DSN,0,0,0,0,0,0,1,6,0,0,0,0,0,2
BCW-200270,Lelliottia,DSN,0,0,0,0,0,0,1,6,0,0,0,0,0,2
BCW-200271,Lelliottia,DSN,0,0,0,0,0,0,1,6,0,0,0,0,0,2
BCW-200272,Rahnella,DSN,0,0,0,0,0,0,1,5,1,1,1,1,1,2
BCW-200275,Lelliottia,DSN,0,0,0,0,0,0,1,6,0,0,0,0,0,2
BCW-200279,Enterobacter,DSN,0,0,0,0,0,0,2,7,0,0,0,0,0,2
BCW-200315,unassigned,DSN,0,0,0,0,0,0,1,8,0,0,0,0,0,2
BCW-200319,Erwinia,DSN,0,0,0,0,0,0,1,6,1,1,1,1,1,3
BCW-200327,Serratia,DSN,0,0,0,0,0,0,1,9,0,0,0,0,0,3
BCW-200328,Agrobacterium,DSN,0,0,0,0,0,0,0,4,0,0,0,0,0,2
BCW-200464,Agrobacterium,DSN,0,0,0,0,0,0,0,3,0,0,0,0,0,2
BCW-200465,Agrobacterium,DSN,0,0,0,0,0,0,0,4,0,0,0,0,0,2
BCW-200471,Pseudomonas,DSN,0,0,0,0,0,0,1,5,1,1,1,1,1,2
BCW-200473,Lelliottia,DSN,0,0,0,0,0,0,1,6,0,0,0,0,0,2
BCW-200533,Rhodococcus,DSN,0,0,0,0,0,0,1,4,0,0,0,1,0,0
BCW-200539,Citrobacter,DSN,0,0,0,0,0,0,1,5,0,0,0,0,0,0
BCW-200542,unassigned,DSN,0,0,0,0,0,0,1,9,0,0,0,0,0,3
BCW-200544,Serratia,DSN,0,0,0,0,0,0,1,9,0,0,0,0,0,3
BCW-200545,Rahnella,DSN,0,0,0,0,0,0,2,5,1,1,1,1,0,2
BCW-200547,Serratia,DSN,0,0,0,0,0,0,1,9,0,0,0,0,0,3
BCW-200556,Lelliottia,DSN,0,0,0,0,0,0,1,6,0,0,0,0,0,2
BCW-200561,Rahnella,DSN,0,0,0,0,0,0,1,5,1,1,1,1,1,2
BCW-200564,Rahnella,DSN,0,0,0,0,0,0,2,5,1,1,1,1,0,2
BCW-200565,Rahnella,DSN,0,0,0,0,0,0,2,5,1,1,1,1,0,2
BCW-200596,Lelliottia,DSN,0,0,0,0,0,0,1,6,0,0,0,0,0,2
BCW-200634,Lelliottia,DSN,0,0,0,0,0,0,1,6,0,0,0,0,0,2
BCW-200641,Lelliottia,DSN,0,0,0,0,0,0,1,6,0,0,0,0,0,2
BCW-200642,Rahnella,DSN,0,0,0,0,0,0,2,5,1,1,1,1,0,2
BCW-200649,Rahnella,DSN,0,0,0,0,0,0,2,5,1,1,1,1,0,2
BCW-200663,Agrobacterium,DSN,0,0,0,0,0,0,0,3,0,0,0,0,0,2
BCW-200705,Agrobacterium,DSN,0,0,0,0,0,0,0,4,0,0,0,0,0,2
BCW-200715,Rahnella,DSN,0,0,0,0,0,0,2,5,1,1,1,1,0,2
BCW-200716,Rahnella,DSN,0,0,0,0,0,0,2,5,1,1,1,1,0,2
BCW-200718,Rahnella,DSN,0,0,0,0,0,0,2,5,1,1,1,1,0,2
BCW-200723,Rahnella,DSN,0,0,0,0,0,0,2,5,1,1,1,1,0,2
BCW-200724,Rahnella,DSN,0,0,0,0,0,0,2,5,1,1,1,1,0,2
BCW-200725,Rahnella,DSN,0,0,0,0,0,0,2,5,1,1,1,1,0,2
BCW-200726,Rahnella,DSN,0,0,0,0,0,0,2,5,1,1,1,1,0,2
BCW-200736,Rahnella,DSN,0,0,0,0,0,0,2,5,1,1,1,1,0,2
BCW-200806,Rahnella,DSN,0,0,0,0,0,0,1,5,1,1,1,1,1,2
BCW-200808,Rahnella,DSN,0,0,0,0,0,0,1,5,1,1,1,1,1,2
BCW-200810,Rahnella,DSN,0,0,0,0,0,0,1,5,1,1,1,1,1,2
BCW-200814,Rahnella,DSN,0,0,0,0,0,0,2,5,1,1,1,1,0,2
BCW-200815,Rahnella,DSN,0,0,0,0,0,0,2,5,1,1,1,1,0,2
BCW-200883,Enterobacter,DSN,0,0,0,0,0,0,1,7,0,0,0,0,0,2
BCW-200902,Agrobacterium,DSN,0,0,0,0,0,0,0,4,0,0,0,0,0,2
BCW-200903,unassigned,DSN,0,0,0,0,0,0,0,4,0,0,0,0,0,2
BCW-200904,Agrobacterium,DSN,0,0,0,0,0,0,0,4,0,0,0,0,0,2
BCW-200910,Agrobacterium,DSN,0,0,0,0,0,0,0,4,0,0,0,0,0,2
BCW-200912,unassigned,DSN,0,0,0,0,0,0,0,4,0,0,0,0,0,2
BCW-200920,Agrobacterium,DSN,0,0,0,0,0,0,0,4,0,0,0,0,0,2
BCW-200952,Pantoea,DSN,0,0,0,0,0,0,1,5,1,1,1,1,1,2
BCW-200983,Citrobacter,DSN,0,0,0,0,0,0,1,5,0,0,0,0,0,0
BCW-200984,Citrobacter,DSN,0,0,0,0,0,0,1,5,0,0,0,0,0,0
BCW-200986,Citrobacter,DSN,0,0,0,0,0,0,1,5,0,0,0,0,0,0
BCW-200988,unassigned,DSN,0,0,0,0,0,0,1,5,0,0,0,0,0,0
BCW-200989,Lelliottia,DSN,0,0,0,0,0,0,1,6,0,0,0,0,0,2
BCW-200990,Lelliottia,DSN,0,0,0,0,0,0,1,6,0,0,0,0,0,2
BCW-200991,Lelliottia,DSN,0,0,0,0,0,0,1,6,0,0,0,0,0,2
BCW-200994,Lelliottia,DSN,0,0,0,0,0,0,1,6,0,0,0,0,0,2
BCW-201007,Rahnella,DSN,0,0,0,0,0,0,2,5,1,1,1,1,0,2
BCW-201008,Rahnella,DSN,0,0,0,0,0,0,2,5,1,1,1,1,0,2
BCW-201010,Rahnella,DSN,0,0,0,0,0,0,2,5,1,1,1,1,0,2
BCW-201013,Rahnella,DSN,0,0,0,0,0,0,2,5,1,1,1,1,0,2
BCW-201014,Rahnella,DSN,0,0,0,0,0,0,2,5,1,1,1,1,0,2
BCW-201024,Rahnella,DSN,0,0,0,0,0,0,2,5,1,1,1,1,0,2
BCW-201025,Rahnella,DSN,0,0,0,0,0,0,2,5,1,1,1,1,0,2
BCW-201028,Rahnella,DSN,0,0,0,0,0,0,2,5,1,1,1,1,0,2
BCW-201036,Rahnella,DSN,0,0,0,0,0,0,2,5,1,1,1,1,0,2
BCW-201045,Lelliottia,DSN,0,0,0,0,0,0,1,6,0,0,0,0,0,2
BCW-201051,Serratia,DSN,0,0,0,0,0,0,1,9,0,0,0,0,0,1
BCW-201054,Serratia,DSN,0,0,0,0,0,0,1,9,0,0,0,0,0,1
BCW-201056,Hafnia,DSN,0,0,0,0,0,0,0,5,0,0,0,0,0,0
BCW-201079,Serratia,DSN,0,0,0,0,0,0,1,9,0,0,0,0,0,1
BCW-201081,Pantoea,DSN,0,0,0,0,0,0,1,7,1,1,1,1,1,3
BCW-201083,Citrobacter,DSN,0,0,0,0,0,0,1,6,0,0,0,0,0,0
BCW-201084,Lelliottia,DSN,0,0,0,0,0,0,1,6,0,0,0,0,0,2
BCW-201085,Serratia,DSN,0,0,0,0,0,0,1,9,0,0,0,0,0,3
BCW-201090,unassigned,DSN,0,0,0,0,0,0,1,6,0,0,0,0,0,2
BCW-201103,Lelliottia,DSN,0,0,0,0,0,0,1,6,0,0,0,0,0,2
BCW-201151,Lelliottia,DSN,0,0,0,0,0,0,1,6,0,0,0,0,0,2
BCW-201152,Citrobacter,DSN,0,0,0,0,0,0,1,6,0,0,0,0,0,0
BCW-201153,Serratia,DSN,0,0,0,0,0,0,1,9,0,0,0,0,0,3
BCW-201154,Citrobacter,DSN,0,0,0,0,0,0,1,6,0,0,0,0,0,0
BCW-201173,Escherichia,DSN,0,0,0,0,0,0,1,6,0,0,0,0,0,1
BCW-201175,Rahnella,DSN,0,0,0,0,0,0,2,5,1,1,1,1,0,2
BCW-201176,Rahnella,DSN,0,0,0,0,0,0,2,5,1,1,1,1,0,2
BCW-201185,Serratia,DSN,0,0,0,0,0,0,1,9,0,0,0,0,0,3
BCW-201186,Rahnella,DSN,0,0,0,0,0,0,2,5,1,1,1,1,0,2
BCW-201187,Rahnella,DSN,0,0,0,0,0,0,2,5,1,1,1,1,0,2
BCW-201236,Hafnia,DSN,0,0,0,0,0,0,0,6,0,0,0,0,0,0
BCW-201238,Serratia,DSN,0,0,0,0,0,0,1,9,0,0,0,0,0,3
BCW-201245,Rahnella,DSN,0,0,0,0,0,0,1,5,1,1,1,1,1,2
BCW-201248,Rahnella,DSN,0,0,0,0,0,0,1,5,1,1,1,1,1,2
BCW-201257,Serratia,DSN,0,0,0,0,0,0,1,9,0,0,0,0,0,3
BCW-201258,Lelliottia,DSN,0,0,0,0,0,0,1,6,0,0,0,0,0,2
BCW-201260,Lelliottia,DSN,0,0,0,0,0,0,1,6,0,0,0,0,0,2
BCW-201350,Serratia,DSN,0,0,0,0,0,0,1,9,0,0,0,0,0,3
BCW-201444,Atlantibacter,DSN,0,0,0,0,0,0,1,5,0,0,0,0,0,1
BCW-201445,Atlantibacter,DSN,0,0,0,0,0,0,1,5,0,0,0,0,0,1
BCW-201450,Hafnia,DSN,0,0,0,0,0,0,0,5,0,0,0,0,0,0
BCW-201453,Lactococcus,DSN,0,0,0,0,0,0,0,4,0,0,0,0,0,0
BCW-201648,Rahnella,DSN,0,0,0,0,0,0,2,5,1,1,1,1,0,2
BCW-201653,Serratia,DSN,0,0,0,0,0,0,1,9,0,0,0,0,0,1
BCW-201654,Rahnella,DSN,0,0,0,0,0,0,2,5,1,1,1,1,0,2
BCW-201662,Serratia,DSN,0,0,0,0,0,0,1,9,0,0,0,0,0,1
BCW-201726,Enterobacter,DSN,0,0,0,0,0,0,1,7,0,0,0,0,0,2
BCW-201809,Serratia,DSN,0,0,0,0,0,0,1,9,0,0,0,0,0,3
BCW-201811,Enterobacter,DSN,0,0,0,0,0,0,1,7,0,0,0,0,0,2
BCW-201812,Enterobacter,DSN,0,0,0,0,0,0,1,7,0,0,0,0,0,2
BCW-201814,Enterobacter,DSN,0,0,0,0,0,0,1,7,0,0,0,0,0,2
BCW-201826,Pantoea,DSN,0,0,0,0,0,0,1,5,1,1,1,1,1,2
BCW-201827,Pantoea,DSN,0,0,0,0,0,0,1,7,1,1,1,1,1,3
BCW-201832,Enterobacter,DSN,0,0,0,0,0,0,1,7,0,0,0,0,0,2
BCW-201833,Pantoea,DSN,0,0,0,0,0,0,1,5,1,1,1,1,1,4
BCW-201835,Staphylococcus,DSN,0,0,0,0,0,0,0,4,0,0,0,0,0,0
BCW-201839,Enterobacter,DSN,0,0,0,0,0,0,1,7,0,0,0,0,0,2
BCW-201842,Curtobacterium,DSN,0,0,0,0,0,0,0,2,0,0,0,0,0,0
BCW-201845,unassigned,DSN,0,0,0,0,0,0,1,7,0,0,0,0,0,2
BCW-201847,Enterobacter,DSN,0,0,0,0,0,0,1,7,0,0,0,0,0,2
BCW-201848,Pantoea,DSN,0,0,0,0,0,0,1,5,1,1,1,1,1,2
BCW-201849,Enterobacter,DSN,0,0,0,0,0,0,1,7,0,0,0,0,0,2
BCW-201853,Erwinia,DSN,0,0,0,0,0,0,1,6,1,1,1,1,1,3
BCW-201854,Erwinia,DSN,0,0,0,0,0,0,1,6,1,1,1,1,1,3
BCW-201857,Enterobacter,DSN,0,0,0,0,0,0,1,7,0,0,0,0,0,2
BCW-201861,Lactococcus,DSN,0,0,0,0,0,0,0,4,0,0,0,0,0,0
BCW-201864,Pantoea,DSN,0,0,0,0,0,0,1,7,1,1,1,1,1,3
BCW-201865,Erwinia,DSN,0,0,0,0,0,0,1,6,1,1,1,1,1,3
BCW-201866,Enterobacter,DSN,0,0,0,0,0,0,1,7,0,0,0,0,0,2
BCW-201867,Pantoea,DSN,0,0,0,0,0,0,1,7,1,1,1,1,1,3
BCW-201874,Enterobacter,DSN,0,0,0,0,0,0,1,7,0,0,0,0,0,2
BCW-201877,Enterobacter,DSN,0,0,0,0,0,0,1,7,0,0,0,0,0,2
BCW-201878,Enterobacter,DSN,0,0,0,0,0,0,1,7,0,0,0,0,0,2
BCW-201880,Enterobacter,DSN,0,0,0,0,0,0,1,7,0,0,0,0,0,2
BCW-201881,Enterobacter,DSN,0,0,0,0,0,0,1,7,0,0,0,0,0,2
BCW-201882,Enterobacter,DSN,0,0,0,0,0,0,1,7,0,0,0,0,0,2
BCW-201883,unassigned,DSN,0,0,0,0,0,0,1,7,0,0,0,0,0,2
BCW-201884,Enterobacter,DSN,0,0,0,0,0,0,1,7,0,0,0,0,0,2
BCW-201885,Enterobacter,DSN,0,0,0,0,0,0,1,7,0,0,0,0,0,2
BCW-201889,Enterobacter,DSN,0,0,0,0,0,0,1,7,0,0,0,0,0,2
BCW-201891,unassigned,DSN,0,0,0,0,0,0,1,9,0,0,0,0,0,3
BCW-201895,Enterobacter,DSN,0,0,0,0,0,0,1,7,0,0,0,0,0,2
BCW-201896,Curtobacterium,DSN,0,0,0,0,0,0,0,2,0,0,0,0,0,0
BCW-201897,Pantoea,DSN,0,0,0,0,0,0,1,5,1,1,1,1,1,2
BCW-201899,Enterobacter,DSN,0,0,0,0,0,0,1,7,0,0,0,0,0,2
BCW-201903,Enterobacter,DSN,0,0,0,0,0,0,1,7,0,0,0,0,0,2
BCW-201909,Pantoea,DSN,0,0,0,0,0,0,1,7,1,1,1,1,1,3
BCW-201914,Enterobacter,DSN,0,0,0,0,0,0,1,7,0,0,0,0,0,2
BCW-201917,Pantoea,DSN,0,0,0,0,0,0,1,7,1,1,1,1,1,3
BCW-201933,Enterobacter,DSN,0,0,0,0,0,0,1,7,0,0,0,0,0,2
BCW-201938,Enterobacter,DSN,0,0,0,0,0,0,1,7,0,0,0,0,0,2
BCW-201945,Enterobacter,DSN,0,0,0,0,0,0,1,7,0,0,0,0,0,2
BCW-201949,Enterobacter,DSN,0,0,0,0,0,0,1,7,0,0,0,0,0,2
BCW-201957,Enterobacter,DSN,0,0,0,0,0,0,1,7,0,0,0,0,0,2
BCW-201975,Enterobacter,DSN,0,0,0,0,0,0,1,7,0,0,0,0,0,2
BCW-201982,Rahnella,DSN,0,0,0,0,0,0,2,5,1,1,1,1,0,2
BCW-201995,Pantoea,DSN,0,0,0,0,0,0,1,5,1,1,1,1,1,2
BCW-201997,Pantoea,DSN,0,0,0,0,0,0,1,7,1,1,1,1,1,4
BCW-202001,Pantoea,DSN,0,0,0,0,0,0,1,7,1,1,1,1,1,4
BCW-200014,Enterobacter,DSP,1,2,2,3,2,1,1,7,0,0,0,0,0,2
BCW-200016,Enterobacter,DSP,1,2,2,3,2,1,1,7,0,0,0,1,0,2
BCW-200017,Enterobacter,DSP,1,2,2,3,2,1,1,7,0,0,0,1,0,2
BCW-200026,Enterobacter,DSP,1,2,2,3,2,1,1,7,0,0,0,1,0,2
BCW-200028,unassigned,DSP,2,3,3,5,4,1,2,7,0,0,0,0,0,3
BCW-200030,Raoultella,DSP,2,3,3,5,4,1,2,7,0,0,0,0,0,3
BCW-200034,Enterobacter,DSP,1,2,2,3,2,1,1,7,0,0,0,0,0,2
BCW-200035,Enterobacter,DSP,1,2,2,3,2,1,1,7,0,0,0,0,0,2
BCW-200049,Klebsiella,DSP,1,2,2,3,2,1,1,8,0,0,0,0,0,3
BCW-200050,Enterobacter,DSP,1,2,2,3,2,1,1,7,0,0,0,0,0,2
BCW-200053,Klebsiella,DSP,1,2,2,3,2,1,1,8,0,0,0,0,0,3
BCW-200069,Klebsiella,DSP,1,2,2,3,3,1,1,7,0,0,0,0,0,3
BCW-200083,Klebsiella,DSP,1,2,2,3,3,1,1,7,0,0,0,0,0,3
BCW-200084,Klebsiella,DSP,1,2,2,3,3,1,1,7,0,0,0,0,0,3
BCW-200086,Klebsiella,DSP,1,2,2,3,3,1,1,7,0,0,0,0,0,3
BCW-200093,Klebsiella,DSP,1,2,2,3,3,1,1,7,0,0,0,0,0,3
BCW-200095,Enterobacter,DSP,1,2,2,3,2,1,1,7,0,0,0,0,0,2
BCW-200096,Klebsiella,DSP,1,2,2,3,2,1,1,7,0,0,0,0,0,3
BCW-200099,Klebsiella,DSP,1,2,2,3,2,1,1,7,0,0,0,0,0,3
BCW-200102,Enterobacter,DSP,1,2,2,3,2,1,1,7,0,0,0,0,0,2
BCW-200106,Raoultella,DSP,1,2,2,3,3,1,1,7,0,0,0,0,0,3
BCW-200109,Enterobacter,DSP,1,2,2,3,2,1,1,7,0,0,0,0,0,2
BCW-200113,unassigned,DSP,1,2,2,3,3,1,1,7,0,0,0,0,0,3
BCW-200117,Raoultella,DSP,1,2,2,3,3,1,1,7,0,0,0,0,0,3
BCW-200120,Raoultella,DSP,1,2,2,3,3,1,1,7,0,0,0,0,0,3
BCW-200122,Enterobacter,DSP,1,2,2,3,2,1,1,7,0,0,0,0,0,2
BCW-200123,Klebsiella,DSP,1,2,2,3,3,1,1,7,0,0,0,0,0,3
BCW-200124,Klebsiella,DSP,1,2,2,3,3,1,1,7,0,0,0,0,0,3
BCW-200129,Klebsiella,DSP,1,2,2,3,3,1,1,7,0,0,0,0,0,3
BCW-200132,Klebsiella,DSP,1,2,2,3,3,1,1,7,0,0,0,0,0,3
BCW-200133,unassigned,DSP,1,2,2,3,2,1,1,7,0,0,0,0,0,2
BCW-200136,Klebsiella,DSP,1,2,2,3,3,1,1,7,0,0,0,0,0,3
BCW-200137,Klebsiella,DSP,1,2,2,3,3,1,1,7,0,0,0,0,0,3
BCW-200141,Kosakonia,DSP,1,2,2,3,2,1,2,7,0,0,0,0,0,1
BCW-200142,Raoultella,DSP,1,2,2,3,3,1,1,7,0,0,0,0,0,3
BCW-200148,unassigned,DSP,1,2,2,2,3,1,2,7,0,0,0,0,0,3
BCW-200156,unassigned,DSP,1,2,1,2,2,1,2,7,0,0,0,0,0,3
BCW-200161,Raoultella,DSP,1,2,2,3,3,1,1,7,0,0,0,0,0,3
BCW-200162,Metakosakonia,DSP,1,2,2,2,2,1,2,5,0,0,0,0,0,2
BCW-200165,Raoultella,DSP,1,2,2,3,3,1,1,7,0,0,0,0,0,3
BCW-200167,Klebsiella,DSP,1,2,2,3,3,1,1,7,0,0,0,0,0,3
BCW-200168,Metakosakonia,DSP,1,2,2,2,2,1,2,5,0,0,0,0,0,2
BCW-200169,Raoultella,DSP,1,2,2,3,3,1,1,7,0,0,0,0,0,3
BCW-200171,Raoultella,DSP,1,2,2,3,3,1,1,7,0,0,0,0,0,3
BCW-200172,Klebsiella,DSP,1,2,2,3,3,1,1,7,0,0,0,0,0,3
BCW-200177,Klebsiella,DSP,1,2,2,3,3,1,1,7,0,0,0,0,0,3
BCW-200181,Kosakonia,DSP,1,2,2,3,2,1,2,7,0,0,0,0,0,1
BCW-200182,unassigned,DSP,1,2,2,2,3,1,2,7,0,0,0,0,0,3
BCW-200183,Kosakonia,DSP,1,2,2,3,2,1,2,7,0,0,0,0,0,1
BCW-200184,unassigned,DSP,1,2,2,2,3,1,2,7,0,0,0,0,0,3
BCW-200194,Kosakonia,DSP,1,2,2,3,2,1,2,7,0,0,0,0,0,1
BCW-200195,unassigned,DSP,1,2,2,2,3,1,2,7,0,0,0,0,0,3
BCW-200197,Kosakonia,DSP,1,2,2,3,2,1,2,7,0,0,0,0,0,1
BCW-200199,unassigned,DSP,1,2,2,2,3,1,2,7,0,0,0,0,0,3
BCW-200200,unassigned,DSP,1,2,2,2,3,1,2,6,0,0,0,0,0,3
BCW-200201,unassigned,DSP,1,2,2,2,3,1,2,7,0,0,0,0,0,3
BCW-200203,Raoultella,DSP,2,3,3,5,4,1,2,7,0,0,0,0,0,3
BCW-200206,Enterobacter,DSP,1,2,2,3,2,1,1,7,0,0,0,0,0,2
BCW-200210,Kosakonia,DSP,1,2,2,3,2,1,2,7,0,0,0,0,0,1
BCW-200214,Kosakonia,DSP,1,2,2,3,2,1,2,7,0,0,0,0,0,1
BCW-200216,Enterobacter,DSP,1,2,2,3,2,1,1,7,0,0,0,0,0,2
BCW-200221,unassigned,DSP,1,2,2,2,3,1,2,7,0,0,0,0,0,3
BCW-200225,unassigned,DSP,1,2,2,2,3,1,2,7,0,0,0,0,0,3
BCW-200226,Kosakonia,DSP,1,2,2,3,2,1,2,7,0,0,0,0,0,1
BCW-200227,Kosakonia,DSP,1,2,2,3,2,1,2,7,0,0,0,0,0,1
BCW-200234,unassigned,DSP,1,1,2,1,2,1,2,7,0,0,0,0,0,3
BCW-200235,unassigned,DSP,1,2,2,2,3,1,2,6,0,0,0,0,0,3
BCW-200236,unassigned,DSP,1,2,2,2,3,1,2,7,0,0,0,0,0,3
BCW-200237,unassigned,DSP,1,2,2,2,3,1,2,7,0,0,0,0,0,3
BCW-200276,Raoultella,DSP,1,2,2,3,2,1,2,6,0,0,0,0,0,2
BCW-200281,Raoultella,DSP,2,3,3,5,4,1,2,7,0,0,0,0,0,3
BCW-200294,Raoultella,DSP,2,3,3,5,3,1,2,7,0,0,0,0,0,3
BCW-200307,Metakosakonia,DSP,1,2,2,2,2,1,2,5,0,0,0,0,0,2
BCW-200308,Metakosakonia,DSP,1,2,2,2,2,1,2,5,0,0,0,0,0,2
BCW-200317,Enterobacter,DSP,1,2,2,3,2,1,1,7,0,0,0,0,0,2
BCW-200437,Raoultella,DSP,2,3,3,5,4,1,2,7,0,0,0,0,0,3
BCW-200438,Raoultella,DSP,2,4,3,5,3,1,2,7,0,0,0,0,0,3
BCW-200440,Raoultella,DSP,2,3,3,5,4,1,2,7,0,0,0,0,0,3
BCW-200442,Raoultella,DSP,2,3,3,5,4,1,2,7,0,0,0,0,0,3
BCW-200444,Raoultella,DSP,2,3,3,5,4,1,2,7,0,0,0,0,0,3
BCW-200446,Raoultella,DSP,2,3,3,5,4,1,2,7,0,0,0,0,0,3
BCW-200449,Raoultella,DSP,2,4,3,4,4,1,2,7,0,0,0,0,0,3
BCW-200488,Raoultella,DSP,2,4,3,4,4,1,2,7,0,0,0,0,0,3
BCW-200496,Raoultella,DSP,2,4,3,4,4,1,2,7,0,0,0,0,0,3
BCW-200499,Raoultella,DSP,2,4,3,4,4,1,2,7,0,0,0,0,0,3
BCW-200509,Metakosakonia,DSP,1,2,2,2,2,1,2,5,0,0,0,0,0,2
BCW-200517,Metakosakonia,DSP,1,2,2,2,2,1,2,5,0,0,0,0,0,2
BCW-200521,Raoultella,DSP,1,2,2,3,3,1,2,7,0,0,0,0,0,3
BCW-200525,Raoultella,DSP,1,2,2,3,3,1,2,7,0,0,0,0,0,3
BCW-200552,Rahnella,DSP,1,2,2,2,2,1,2,6,1,1,1,1,0,2
BCW-200553,Raoultella,DSP,1,2,2,3,2,1,2,6,0,0,0,0,0,2
BCW-200555,Raoultella,DSP,2,4,3,4,4,1,2,7,0,0,0,0,0,3
BCW-200559,Rahnella,DSP,1,2,2,2,2,1,2,6,1,1,1,1,0,2
BCW-200567,Metakosakonia,DSP,1,2,2,3,2,1,2,5,0,0,0,0,0,2
BCW-200577,Raoultella,DSP,2,4,3,5,4,1,2,7,0,0,0,0,0,3
BCW-200578,Rahnella,DSP,1,2,2,2,2,1,2,5,1,1,1,1,0,2
BCW-200600,Raoultella,DSP,2,3,3,4,4,1,3,7,0,0,0,0,0,3
BCW-200620,Raoultella,DSP,1,2,2,2,3,1,1,7,0,0,0,0,0,3
BCW-200644,Rahnella,DSP,1,2,2,2,2,1,2,5,1,1,1,1,0,2
BCW-200647,Rahnella,DSP,1,2,2,2,2,1,2,5,1,1,1,1,0,2
BCW-200648,Raoultella,DSP,1,2,2,3,3,1,2,6,1,0,0,0,0,0
BCW-200650,Rahnella,DSP,1,2,2,2,2,1,2,5,1,1,1,1,0,2
BCW-200651,Klebsiella,DSP,1,2,2,3,3,1,1,7,0,0,0,0,0,3
BCW-200656,Metakosakonia,DSP,1,2,2,2,2,1,2,6,0,0,0,0,0,3
BCW-200660,Klebsiella,DSP,1,2,2,3,3,1,1,7,0,0,0,0,0,3
BCW-200661,Raoultella,DSP,1,2,2,3,2,1,2,6,0,0,0,0,0,2
BCW-200662,Klebsiella,DSP,1,2,2,3,3,1,1,7,0,0,0,0,0,3
BCW-200665,Raoultella,DSP,1,2,2,3,2,1,2,6,0,0,0,0,0,2
BCW-200667,Enterobacter,DSP,1,2,2,3,2,1,1,7,0,0,0,0,0,2
BCW-200669,Enterobacter,DSP,1,2,2,3,2,1,1,7,0,0,0,0,0,2
BCW-200704,Raoultella,DSP,1,2,2,3,2,1,2,6,0,0,0,0,0,2
BCW-200727,Raoultella,DSP,1,2,2,3,3,1,2,7,0,0,0,0,0,3
BCW-200738,Raoultella,DSP,1,2,2,3,3,1,2,7,0,0,0,0,0,3
BCW-200776,Raoultella,DSP,1,2,2,3,2,1,2,6,0,0,0,0,0,2
BCW-200785,Pseudomonas,DSP,2,2,2,3,2,1,2,2,1,1,1,1,0,2
BCW-200797,Rahnella,DSP,1,2,2,2,2,1,2,6,1,1,1,1,0,2
BCW-200798,Rahnella,DSP,1,2,2,2,2,1,2,6,1,1,1,1,0,2
BCW-200800,Rahnella,DSP,1,2,2,2,2,1,2,6,1,1,1,1,0,2
BCW-200801,Rahnella,DSP,1,2,2,2,2,1,2,6,1,1,1,1,0,2
BCW-200818,Rahnella,DSP,1,2,2,2,2,1,2,6,1,1,1,1,0,2
BCW-200820,Raoultella,DSP,2,4,3,4,4,1,2,7,0,0,0,0,0,3
BCW-200821,Rahnella,DSP,1,2,2,2,2,1,2,5,1,1,1,1,0,2
BCW-200828,Rahnella,DSP,1,2,2,2,2,1,2,5,1,1,1,1,0,2
BCW-200847,Raoultella,DSP,2,4,3,4,4,1,2,7,0,0,0,0,0,3
BCW-200855,Raoultella,DSP,2,4,3,4,4,1,2,7,0,0,0,0,0,3
BCW-200874,Raoultella,DSP,2,4,3,4,4,1,2,7,0,0,0,0,0,3
BCW-200879,Raoultella,DSP,2,4,3,4,4,1,2,7,0,0,1,0,0,3
BCW-200880,Raoultella,DSP,2,4,3,4,4,1,2,7,0,0,0,0,0,3
BCW-200881,Raoultella,DSP,2,4,3,4,4,1,2,7,0,0,0,0,0,3
BCW-200882,Raoultella,DSP,2,4,3,4,4,1,2,7,0,0,0,0,0,3
BCW-200885,Raoultella,DSP,2,4,3,4,4,1,2,7,0,0,0,0,0,3
BCW-200886,Raoultella,DSP,2,4,3,4,4,1,2,7,0,0,0,0,0,3
BCW-200887,Raoultella,DSP,2,4,3,4,4,1,2,7,0,0,0,0,0,3
BCW-200891,Raoultella,DSP,2,3,3,5,4,1,2,7,0,0,0,0,0,3
BCW-200892,Raoultella,DSP,2,3,3,5,4,1,2,7,0,0,0,0,0,3
BCW-200909,Raoultella,DSP,2,4,3,4,4,1,2,7,0,0,0,0,0,3
BCW-200915,Raoultella,DSP,2,4,3,4,4,1,2,7,0,0,0,0,0,3
BCW-200926,Raoultella,DSP,2,4,3,4,4,1,2,7,0,0,0,0,0,3
BCW-200951,Metakosakonia,DSP,1,2,2,3,2,1,2,5,0,0,0,0,0,2
BCW-200955,Metakosakonia,DSP,1,2,2,3,2,1,2,5,0,0,0,0,0,2
BCW-201019,Klebsiella,DSP,1,2,2,3,2,1,2,6,0,0,0,0,0,3
BCW-201020,Klebsiella,DSP,1,2,2,3,2,1,2,6,0,0,0,0,0,3
BCW-201021,Klebsiella,DSP,1,2,2,3,2,1,2,6,0,0,0,0,0,3
BCW-201044,Raoultella,DSP,2,4,3,4,4,1,2,7,0,0,0,0,0,3
BCW-201058,Metakosakonia,DSP,2,4,3,4,3,1,2,5,0,0,0,0,0,3
BCW-201059,Rahnella,DSP,1,2,2,2,2,1,2,6,1,1,1,1,0,2
BCW-201070,Rahnella,DSP,1,2,2,2,2,1,2,6,1,1,1,1,0,2
BCW-201071,Raoultella,DSP,1,2,2,3,3,1,2,7,0,0,0,0,0,3
BCW-201075,Raoultella,DSP,1,2,2,3,2,1,2,6,0,0,0,0,0,2
BCW-201078,Raoultella,DSP,1,2,2,3,2,1,2,6,0,0,0,0,0,2
BCW-201088,Rahnella,DSP,1,2,2,2,2,1,2,6,1,1,1,1,0,2
BCW-201091,Rahnella,DSP,1,2,2,2,2,1,2,6,1,1,1,1,0,2
BCW-201097,unassigned,DSP,1,2,2,3,2,1,2,6,0,0,0,0,0,2
BCW-201098,Raoultella,DSP,1,2,2,3,2,1,2,6,0,0,0,0,0,2
BCW-201107,Raoultella,DSP,1,2,2,3,2,1,2,5,1,1,0,0,0,2
BCW-201155,Metakosakonia,DSP,2,4,3,4,3,1,2,5,0,0,0,0,0,3
BCW-201162,Rahnella,DSP,1,2,2,2,2,1,2,6,1,1,1,1,0,2
BCW-201184,Rahnella,DSP,1,2,2,2,2,1,2,6,1,1,1,1,0,2
BCW-201259,Rahnella,DSP,1,2,2,2,2,1,2,6,1,1,1,1,0,2
BCW-201263,Klebsiella,DSP,1,2,2,3,3,1,1,7,0,0,0,0,0,3
BCW-201267,unassigned,DSP,2,3,3,5,4,1,2,7,0,0,0,0,0,3
BCW-201290,Pseudomonas,DSP,2,2,2,3,2,1,2,2,1,1,1,1,0,2
BCW-201297,Rahnella,DSP,1,2,2,2,2,1,2,5,1,1,1,1,0,2
BCW-201302,Rahnella,DSP,1,2,2,2,2,1,2,5,1,1,1,1,0,2
BCW-201304,Rahnella,DSP,1,2,2,2,2,1,2,5,1,1,1,1,0,2
BCW-201315,Rahnella,DSP,1,2,2,2,2,1,2,5,1,1,1,1,0,2
BCW-201441,Klebsiella,DSP,1,2,2,3,3,1,1,7,0,0,0,0,0,3
BCW-201443,Raoultella,DSP,1,2,2,3,3,1,2,7,0,0,0,0,0,3
BCW-201461,Raoultella,DSP,1,2,2,3,3,1,2,7,0,0,0,0,0,3
BCW-201614,Raoultella,DSP,1,2,2,3,2,1,2,6,0,0,0,0,0,2
BCW-201615,Raoultella,DSP,1,2,2,3,2,1,2,6,0,0,0,0,0,2
BCW-201620,Raoultella,DSP,1,2,2,3,2,1,2,6,0,0,0,0,0,2
BCW-201649,Raoultella,DSP,2,4,3,5,3,1,2,7,0,0,0,0,0,3
BCW-201659,Enterobacter,DSP,1,2,2,3,2,1,1,7,0,0,0,0,0,2
BCW-201703,Raoultella,DSP,1,2,2,3,2,1,2,6,0,0,0,0,0,2
BCW-201721,Enterobacter,DSP,1,2,2,3,2,1,1,7,0,0,0,0,0,2
BCW-201808,Metakosakonia,DSP,1,2,2,2,3,1,2,6,0,0,0,0,0,3
BCW-201828,Metakosakonia,DSP,1,2,2,2,3,1,2,6,0,0,0,0,0,3
BCW-201850,Metakosakonia,DSP,1,2,2,2,3,1,2,6,0,0,0,0,0,3
BCW-201858,Metakosakonia,DSP,1,2,2,2,3,1,2,6,0,0,0,0,0,3
BCW-201873,Metakosakonia,DSP,1,2,2,2,3,1,2,6,0,0,0,0,0,3
BCW-201876,Metakosakonia,DSP,1,2,2,2,3,1,2,6,0,0,0,0,0,3
BCW-201879,Metakosakonia,DSP,1,2,2,2,3,1,2,6,0,0,0,0,0,3
BCW-201886,Metakosakonia,DSP,1,2,2,2,3,1,2,6,0,0,0,0,0,3
BCW-201887,Metakosakonia,DSP,1,2,2,2,3,1,2,6,0,0,0,0,0,3
BCW-201888,Metakosakonia,DSP,1,2,2,2,3,1,2,6,0,0,0,0,0,3
BCW-201890,Raoultella,DSP,1,2,2,3,3,1,2,7,0,0,0,0,0,3
BCW-201900,Raoultella,DSP,2,3,3,4,4,1,3,7,0,0,0,0,0,3
BCW-201901,Raoultella,DSP,2,4,3,4,4,1,2,7,0,0,0,0,0,3
BCW-201926,Raoultella,DSP,2,4,3,5,4,1,2,7,0,0,0,0,0,3
BCW-201937,Metakosakonia,DSP,1,2,2,2,3,1,2,6,0,0,0,0,0,3
BCW-201972,Metakosakonia,DSP,1,2,2,2,3,1,2,6,0,0,0,0,0,3
BCW-201990,Metakosakonia,DSP,1,2,2,2,3,1,2,6,0,0,0,0,0,3
BCW-200001,Acidovorax,SDS,2,0,0,0,0,0,1,3,1,1,1,1,0,2
BCW-200002,unassigned,SDS,1,0,0,0,0,0,0,3,1,1,1,1,0,2
BCW-200008,Acinetobacter,SDS,1,0,0,0,0,0,1,7,0,0,0,0,0,2
BCW-200011,Acidovorax,SDS,2,0,0,0,0,0,1,2,1,1,2,1,0,2
BCW-200032,Acinetobacter,SDS,1,0,0,0,0,0,0,3,1,1,1,1,0,2
BCW-200044,Acinetobacter,SDS,1,0,0,0,0,0,0,3,1,1,1,1,0,2
BCW-200046,Pseudomonas,SDS,1,0,0,0,0,0,1,4,2,1,1,2,0,2
BCW-200056,Pseudomonas,SDS,1,0,0,0,0,0,1,4,1,1,1,1,1,2
BCW-200065,Pseudomonas,SDS,1,0,0,0,0,0,1,3,1,1,1,1,1,3
BCW-200068,Pseudomonas,SDS,2,0,0,0,0,0,2,3,1,1,1,1,1,2
BCW-200073,Pseudomonas,SDS,1,0,0,0,0,0,1,2,1,1,1,3,1,2
BCW-200078,Micrococcus,SDS,1,0,0,0,0,0,0,2,0,0,0,0,0,0
BCW-200081,Acinetobacter,SDS,1,0,0,0,0,0,0,3,1,1,1,1,0,2
BCW-200100,Acinetobacter,SDS,1,0,0,0,0,0,0,3,1,1,1,1,0,2
BCW-200101,Bacillus,SDS,2,0,0,0,0,0,0,2,0,0,0,0,0,0
BCW-200103,Stenotrophomonas,SDS,1,0,0,0,0,0,0,2,0,0,0,0,0,0
BCW-200105,Acinetobacter,SDS,1,0,0,0,0,0,0,3,1,1,1,1,0,2
BCW-200112,Acinetobacter,SDS,1,0,0,0,0,0,0,3,1,1,1,1,0,2
BCW-200116,Acinetobacter,SDS,1,0,0,0,0,0,0,3,1,1,1,1,0,2
BCW-200118,Acinetobacter,SDS,1,0,0,0,0,0,0,3,1,1,1,1,0,2
BCW-200119,Acinetobacter,SDS,1,0,0,0,0,0,0,3,1,1,1,1,0,2
BCW-200147,unassigned,SDS,1,2,2,2,3,0,2,7,0,0,0,0,0,3
BCW-200153,Stenotrophomonas,SDS,1,0,0,0,0,0,0,3,0,0,0,0,0,1
BCW-200154,Stenotrophomonas,SDS,1,0,0,0,0,0,0,3,0,0,0,0,0,1
BCW-200173,Micrococcus,SDS,1,0,0,0,0,0,0,3,0,0,0,0,0,0
BCW-200202,Stenotrophomonas,SDS,1,0,0,0,0,0,0,1,0,0,0,1,0,1
BCW-200209,Leifsonia,SDS,1,0,0,0,0,0,0,1,0,0,0,0,0,0
BCW-200266,Stenotrophomonas,SDS,1,0,0,0,0,0,0,3,0,0,0,0,0,1
BCW-200267,Pseudomonas,SDS,2,0,0,0,0,0,2,4,1,1,1,1,1,2
BCW-200290,Pseudomonas,SDS,1,0,0,0,0,0,1,4,1,1,1,1,1,2
BCW-200432,Pseudomonas,SDS,1,0,0,0,0,0,1,4,1,1,1,1,1,2
BCW-200436,Pseudomonas,SDS,1,0,0,0,0,0,1,3,1,1,1,1,1,2
BCW-200443,Pseudomonas,SDS,1,0,0,0,0,0,1,4,1,1,1,1,1,2
BCW-200458,Pseudomonas,SDS,1,0,0,0,0,0,1,3,1,1,1,1,1,2
BCW-200460,Pseudomonas,SDS,1,0,0,0,0,0,1,3,1,1,1,2,1,3
BCW-200476,Pseudomonas,SDS,2,0,0,0,0,0,2,3,1,1,1,1,1,2
BCW-200477,Pseudomonas,SDS,1,0,0,0,0,0,0,7,1,1,1,1,1,2
BCW-200497,Pseudomonas,SDS,2,0,0,0,0,0,2,4,1,1,1,1,1,2
BCW-200498,unassigned,SDS,2,0,0,0,0,0,2,4,1,1,1,1,1,2
BCW-200527,Pseudomonas,SDS,2,0,0,0,0,0,2,3,1,1,1,1,1,2
BCW-200528,Pseudomonas,SDS,2,0,0,0,0,0,2,3,1,1,1,1,1,2
BCW-200570,Stenotrophomonas,SDS,1,0,0,0,0,0,0,3,0,0,0,0,0,1
BCW-200574,Stenotrophomonas,SDS,1,0,0,0,0,0,0,3,0,0,0,0,0,1
BCW-200587,Stenotrophomonas,SDS,1,0,0,0,0,0,0,3,0,0,0,0,0,1
BCW-200588,Pseudomonas,SDS,2,0,0,0,0,0,2,4,1,1,1,1,1,2
BCW-200589,Stenotrophomonas,SDS,1,0,0,0,0,0,0,3,0,0,0,0,0,1
BCW-200599,Pseudomonas,SDS,1,0,0,0,0,0,1,3,1,1,1,1,1,2
BCW-200607,Pseudomonas,SDS,2,0,0,0,0,0,2,4,1,1,1,1,1,2
BCW-200621,Pseudomonas,SDS,1,0,0,0,0,0,1,3,1,1,1,1,1,2
BCW-200646,Stenotrophomonas,SDS,1,0,0,0,0,0,0,3,0,0,0,0,0,1
BCW-200790,Pseudomonas,SDS,2,0,0,0,0,0,2,3,1,1,1,1,1,2
BCW-200791,Pseudomonas,SDS,2,0,0,0,0,0,2,3,1,1,1,1,1,2
BCW-200938,Stenotrophomonas,SDS,1,0,0,0,0,0,0,3,0,0,0,0,0,1
BCW-200939,Stenotrophomonas,SDS,1,0,0,0,0,0,0,3,0,0,0,0,0,1
BCW-200944,Stenotrophomonas,SDS,1,0,0,0,0,0,0,3,0,0,0,0,0,1
BCW-200945,Stenotrophomonas,SDS,1,0,0,0,0,0,0,3,0,0,0,0,0,1
BCW-200993,Herbaspirillum,SDS,2,0,0,0,0,0,1,4,0,0,0,0,0,0
BCW-201292,Pseudomonas,SDS,1,0,0,0,0,0,1,3,1,1,1,1,1,2
BCW-201293,Pseudomonas,SDS,1,0,0,0,0,0,1,3,1,1,1,1,1,2
BCW-201819,Curtobacterium,SDS,2,0,0,0,0,0,0,3,0,0,0,0,0,0
BCW-201851,Stenotrophomonas,SDS,1,0,0,0,0,0,0,2,0,0,0,0,0,1
BCW-201859,Pseudomonas,SDS,1,0,0,0,0,0,0,6,1,1,2,1,1,2
BCW-201862,Pseudomonas,SDS,1,0,0,0,0,0,1,3,1,1,1,1,1,2
BCW-201868,Pseudomonas,SDS,1,0,0,0,0,0,0,6,1,1,2,1,1,3
BCW-201875,Pseudomonas,SDS,1,0,0,0,0,0,0,5,1,1,2,1,1,2
BCW-201947,Pseudomonas,SDS,1,0,0,0,0,0,0,5,1,1,2,1,1,2
